2025-08-25_02-33-14,None,Shell.java:2025-08-25_02-33-14
2025-08-25_02-34-06,None,Shell.java:2025-08-25_02-34-06
2025-08-25_02-34-35,None,Shell.java:2025-08-25_02-34-35
2025-08-25_02-34-47,None,Shell.java:2025-08-25_02-34-47
2025-08-25_02-34-53,None,Shell.java:2025-08-25_02-34-53
2025-08-25_02-41-02,None,Shell.java:2025-08-25_02-41-02
2025-08-25_02-43-02,None,Shell.java:2025-08-25_02-43-02
2025-08-25_02-45-23,None,Shell.java:2025-08-25_02-45-23
2025-08-25_02-46-40,None,Shell.java:2025-08-25_02-46-40
2025-08-25_02-47-05,None,Shell.java:2025-08-25_02-47-05
2025-08-25_02-47-32,None,Shell.java:2025-08-25_02-47-32
2025-08-25_02-48-51,None,Shell.java:2025-08-25_02-48-51
