2025-08-24_17-08-54,None,Shell.java:2025-08-24_17-08-54
2025-08-24_17-09-56,None,Shell.java:2025-08-24_17-09-56
2025-08-24_17-11-28,None,Shell.java:2025-08-24_17-11-28
2025-08-24_17-11-56,None,Shell.java:2025-08-24_17-11-56
2025-08-24_17-12-11,None,Shell.java:2025-08-24_17-12-11
2025-08-24_17-15-58,None,Shell.java:2025-08-24_17-15-58
2025-08-24_17-16-35,None,Shell.java:2025-08-24_17-16-35
2025-08-24_17-16-54,None,Shell.java:2025-08-24_17-16-54
2025-08-24_17-17-13,None,Shell.java:2025-08-24_17-17-13
2025-08-24_17-20-01,None,Shell.java:2025-08-24_17-20-01
2025-08-24_17-20-42,None,Shell.java:2025-08-24_17-20-42
2025-08-24_17-22-46,None,Shell.java:2025-08-24_17-22-46
2025-08-24_17-23-05,None,Shell.java:2025-08-24_17-23-05
2025-08-24_17-26-33,None,Shell.java:2025-08-24_17-26-33
