2025-08-24_01-29-51,None,Shell.java:2025-08-24_01-29-51
2025-08-24_01-30-55,None,Shell.java:2025-08-24_01-30-55
2025-08-24_01-33-19,None,Shell.java:2025-08-24_01-33-19
2025-08-24_01-33-27,None,Shell.java:2025-08-24_01-33-27
2025-08-24_01-34-16,None,Shell.java:2025-08-24_01-34-16
2025-08-24_01-35-44,None,Shell.java:2025-08-24_01-35-44
2025-08-24_01-36-13,None,Shell.java:2025-08-24_01-36-13
2025-08-24_01-37-19,None,Shell.java:2025-08-24_01-37-19
2025-08-24_01-37-54,None,Shell.java:2025-08-24_01-37-54
2025-08-24_01-39-38,None,Shell.java:2025-08-24_01-39-38
2025-08-24_01-40-50,None,Shell.java:2025-08-24_01-40-50
2025-08-24_01-41-07,None,Shell.java:2025-08-24_01-41-07
2025-08-24_01-41-17,None,Shell.java:2025-08-24_01-41-17
2025-08-24_01-42-28,None,Shell.java:2025-08-24_01-42-28
2025-08-24_01-43-26,None,Shell.java:2025-08-24_01-43-26
2025-08-24_01-45-14,None,Shell.java:2025-08-24_01-45-14
2025-08-24_01-51-55,None,Shell.java:2025-08-24_01-51-55
